name,entry,size,thunk,calling_convention
FUN_1003bc26,1003bc26,2597,0,__thiscall
FUN_1003b41c,1003b41c,1825,0,__cdecl
FUN_10034310,10034310,1554,0,__stdcall
FUN_1001b8c0,1001b8c0,1512,0,__cdecl
FUN_1002a330,1002a330,1299,0,__cdecl
FUN_10013460,10013460,1296,0,__cdecl
FUN_10031070,10031070,1278,0,__cdecl
FUN_100060d0,100060d0,1239,0,__cdecl
FUN_10016ef0,10016ef0,1232,0,__cdecl
FUN_10041425,10041425,1185,0,__thiscall
FUN_10032ca0,10032ca0,1142,0,__cdecl
FUN_1002f8f0,1002f8f0,1130,0,__cdecl
FUN_100333c0,100333c0,1110,0,__cdecl
FUN_10014c50,10014c50,1076,0,__cdecl
FUN_10003f20,10003f20,1061,0,__cdecl
FUN_10033d00,10033d00,1027,0,__cdecl
FUN_10012f00,10012f00,998,0,__cdecl
FUN_10009bd0,10009bd0,968,0,__cdecl
FUN_1001a100,1001a100,938,0,__cdecl
FUN_10009830,10009830,919,0,__cdecl
FUN_100050c0,100050c0,901,0,__cdecl
FUN_10005990,10005990,840,0,__cdecl
FUN_1002aa20,1002aa20,825,0,__cdecl
FUN_1000b650,1000b650,824,0,__cdecl
FUN_10001bc0,10001bc0,817,0,__cdecl
FUN_1003c980,1003c980,811,0,__cdecl
FUN_10012750,10012750,809,0,__cdecl
FUN_10011e50,10011e50,794,0,__cdecl
FUN_10034d80,10034d80,790,0,__cdecl
FUN_10013e60,10013e60,785,0,__cdecl
FUN_1003ccab,1003ccab,777,0,__cdecl
FUN_10030d60,10030d60,774,0,__cdecl
FUN_10030160,10030160,768,0,__cdecl
FUN_100327c0,100327c0,764,0,__cdecl
FUN_1003d160,1003d160,758,0,__cdecl
FUN_10035530,10035530,756,0,__cdecl
FUN_10033820,10033820,752,0,__cdecl
FUN_1000ef10,1000ef10,735,0,__cdecl
FUN_1001e240,1001e240,733,0,__cdecl
FUN_10031950,10031950,732,0,__cdecl
FUN_100083c0,100083c0,726,0,__cdecl
FUN_10041156,10041156,719,0,__cdecl
FUN_1001d870,1001d870,707,0,__cdecl
FUN_1001e8f0,1001e8f0,701,0,__cdecl
FUN_1003aaa0,1003aaa0,691,0,__cdecl
FUN_100074f0,100074f0,670,0,__cdecl
FUN_10013b50,10013b50,668,0,__cdecl
FUN_1003e070,1003e070,664,0,__cdecl
FUN_10040150,10040150,664,0,__cdecl
FUN_1004228c,1004228c,659,0,__cdecl
FUN_10005e30,10005e30,652,0,__cdecl
FUN_1003d484,1003d484,647,0,__stdcall
FUN_10035a10,10035a10,644,0,__cdecl
FUN_100022a0,100022a0,642,0,__cdecl
FUN_10035e20,10035e20,642,0,__cdecl
FUN_10032530,10032530,641,0,__cdecl
FUN_10037790,10037790,639,0,__cdecl
FUN_1002cef0,1002cef0,632,0,__cdecl
FUN_10015250,10015250,619,0,__cdecl
FUN_1002a0c0,1002a0c0,609,0,__cdecl
FUN_10008d30,10008d30,599,0,__cdecl
FUN_10042c81,10042c81,597,0,__cdecl
FUN_10001f40,10001f40,583,0,__cdecl
FUN_10009fa0,10009fa0,580,0,__cdecl
FUN_10018540,10018540,579,0,__cdecl
FUN_1000cf20,1000cf20,575,0,__cdecl
FUN_1000dd30,1000dd30,566,0,__cdecl
FUN_1001cd20,1001cd20,555,0,__cdecl
FUN_100428de,100428de,544,0,__cdecl
FUN_10002f70,10002f70,543,0,__cdecl
FUN_1001c740,1001c740,543,0,__cdecl
FUN_1000cd00,1000cd00,537,0,__cdecl
FUN_1003ad53,1003ad53,535,0,__cdecl
FUN_1001ae20,1001ae20,534,0,__cdecl
FUN_10007f60,10007f60,517,0,__cdecl
FUN_10041a4a,10041a4a,511,0,__cdecl
FUN_1000c650,1000c650,510,0,__cdecl
FUN_10034110,10034110,505,0,__cdecl
FUN_10004560,10004560,491,0,__cdecl
FUN_10021b60,10021b60,489,0,__cdecl
FUN_10031760,10031760,485,0,__cdecl
FUN_1001e640,1001e640,475,0,__cdecl
FUN_1003e4e6,1003e4e6,473,0,__cdecl
FUN_1001c4a0,1001c4a0,472,0,__cdecl
FUN_10037a10,10037a10,472,0,__cdecl
FUN_100065b0,100065b0,469,0,__cdecl
FUN_1002fe80,1002fe80,465,0,__cdecl
FUN_1001dd00,1001dd00,458,0,__cdecl
FUN_1000e210,1000e210,457,0,__cdecl
FUN_10038da0,10038da0,457,0,__cdecl
FUN_1001cf50,1001cf50,449,0,__cdecl
FUN_1001c000,1001c000,445,0,__cdecl
FUN_1003f14b,1003f14b,444,0,__stdcall
FUN_10035260,10035260,443,0,__cdecl
FUN_1000c850,1000c850,442,0,__cdecl
FUN_100350a0,100350a0,442,0,__cdecl
FUN_1000a300,1000a300,438,0,__cdecl
FUN_10037de0,10037de0,437,0,__cdecl
FUN_1003f4ad,1003f4ad,436,0,__cdecl
FUN_10003930,10003930,434,0,__cdecl
FUN_10041c6e,10041c6e,429,0,__cdecl
FUN_1003d72c,1003d72c,428,0,__cdecl
FUN_1001c2f0,1001c2f0,425,0,__cdecl
FUN_10001910,10001910,418,0,__cdecl
FUN_10003280,10003280,414,0,__cdecl
FUN_10005450,10005450,413,0,__cdecl
FUN_1000a680,1000a680,403,0,__cdecl
FUN_10030b40,10030b40,400,0,__cdecl
FUN_1003dda9,1003dda9,395,0,__cdecl
FUN_10004e10,10004e10,392,0,__cdecl
FUN_10042f29,10042f29,391,0,__cdecl
FUN_10034bf0,10034bf0,390,0,__cdecl
FUN_10041ec1,10041ec1,389,0,__stdcall
FUN_10018830,10018830,382,0,__cdecl
FUN_10013970,10013970,380,0,__cdecl
FUN_1001d6f0,1001d6f0,380,0,__cdecl
FUN_1000c2e0,1000c2e0,376,0,__cdecl
FUN_10014ad0,10014ad0,375,0,__cdecl
FUN_100323b0,100323b0,374,0,__cdecl
FUN_10033b10,10033b10,374,0,__cdecl
FUN_10015750,10015750,372,0,__cdecl
FUN_10019ba0,10019ba0,370,0,__cdecl
FUN_1003e7ca,1003e7ca,368,0,__cdecl
FUN_1003fc85,1003fc85,364,0,__cdecl
FUN_10006860,10006860,362,0,__cdecl
FUN_100125e0,100125e0,362,0,__cdecl
FUN_10016af0,10016af0,361,0,__stdcall
FUN_1000df70,1000df70,360,0,__cdecl
FUN_1000e670,1000e670,359,0,__cdecl
FUN_100147d0,100147d0,357,0,__cdecl
FUN_10027f30,10027f30,354,0,__cdecl
FUN_10039818,10039818,352,0,__cdecl
FUN_10034a90,10034a90,350,0,__cdecl
FUN_10036400,10036400,348,0,__cdecl
FUN_1001cad0,1001cad0,347,0,__cdecl
FUN_10007390,10007390,346,0,__cdecl
FUN_1002c400,1002c400,345,0,__cdecl
FUN_10032250,10032250,342,0,__cdecl
FUN_10039373,10039373,340,0,__cdecl
FUN_1000e7e0,1000e7e0,339,0,__cdecl
FUN_1003f7d2,1003f7d2,339,0,__cdecl
FUN_1000b4f0,1000b4f0,337,0,__cdecl
FUN_10018d10,10018d10,334,0,__cdecl
FUN_10038700,10038700,329,0,__cdecl
FUN_10001730,10001730,323,0,__cdecl
FUN_1000b270,1000b270,322,0,__cdecl
FUN_10011240,10011240,321,0,__cdecl
FUN_10006f10,10006f10,320,0,__cdecl
FUN_1003d8d8,1003d8d8,320,0,__cdecl
FUN_10004870,10004870,319,0,__cdecl
FUN_100405a3,100405a3,318,0,__cdecl
FUN_10009200,10009200,317,0,__cdecl
FUN_10018bd0,10018bd0,316,0,__cdecl
FUN_1001ed70,1001ed70,315,0,__cdecl
FUN_100431d0,100431d0,312,0,__cdecl
FUN_10014610,10014610,311,0,__cdecl
FUN_100236f0,100236f0,309,0,__cdecl
FUN_1002e090,1002e090,307,0,__cdecl
FUN_1003f661,1003f661,306,0,__stdcall
FUN_10013320,10013320,305,0,__cdecl
FUN_1000ede0,1000ede0,303,0,__cdecl
FUN_1001a540,1001a540,303,0,__cdecl
FUN_1000e0e0,1000e0e0,301,0,__cdecl
FUN_10019700,10019700,301,0,__cdecl
FUN_100168b0,100168b0,300,0,__cdecl
FUN_1001b1e0,1001b1e0,294,0,__cdecl
FUN_1001c1c0,1001c1c0,293,0,__cdecl
FUN_100427b9,100427b9,293,0,__cdecl
_strncat,10039250,291,0,__cdecl
FUN_10040de2,10040de2,291,0,__stdcall
FUN_10003760,10003760,285,0,__cdecl
FUN_10017730,10017730,284,0,__stdcall
FUN_1000d650,1000d650,280,0,__stdcall
FUN_1003b304,1003b304,280,0,__cdecl
FUN_10018ab0,10018ab0,279,0,__cdecl
FUN_1000bef0,1000bef0,278,0,__cdecl
FUN_10011000,10011000,278,0,__cdecl
FUN_10030970,10030970,278,0,__cdecl
FUN_1001e520,1001e520,277,0,__cdecl
FUN_1002e9c0,1002e9c0,276,0,__cdecl
FUN_10019fe0,10019fe0,274,0,__cdecl
FUN_10004750,10004750,273,0,__cdecl
FUN_10011390,10011390,271,0,__cdecl
FUN_10022b40,10022b40,271,0,__cdecl
FUN_10035420,10035420,271,0,__cdecl
FUN_10004fa0,10004fa0,269,0,__cdecl
FUN_10035ca0,10035ca0,269,0,__cdecl
FUN_100298e0,100298e0,267,0,__cdecl
FUN_10005ce0,10005ce0,266,0,__cdecl
FUN_10039a83,10039a83,266,0,__cdecl
FUN_1003da18,1003da18,266,0,__cdecl
FUN_10015e00,10015e00,264,0,__cdecl
FUN_100107f0,100107f0,263,0,__cdecl
FUN_100090f0,100090f0,262,0,__cdecl
FUN_10034930,10034930,262,0,__cdecl
FUN_1000d350,1000d350,261,0,__stdcall
FUN_100235e0,100235e0,260,0,__cdecl
FUN_1002b580,1002b580,260,0,__cdecl
FUN_10037cd0,10037cd0,259,0,__cdecl
FUN_10042b80,10042b80,257,0,__cdecl
FUN_100103f0,100103f0,256,0,__cdecl
FUN_10011c90,10011c90,256,0,__cdecl
FUN_10026830,10026830,255,0,__cdecl
FUN_10016750,10016750,254,0,__cdecl
FUN_10030460,10030460,254,0,__cdecl
_strncpy,10039dc0,254,0,__cdecl
FUN_1000bdf0,1000bdf0,253,0,__cdecl
FUN_10027730,10027730,252,0,__cdecl
FUN_1000d770,1000d770,251,0,__stdcall
FUN_1003d065,1003d065,251,0,__cdecl
FUN_10015c90,10015c90,250,0,__cdecl
FUN_10023c30,10023c30,250,0,__cdecl
FUN_100122c0,100122c0,247,0,__cdecl
FUN_10001ac0,10001ac0,245,0,__cdecl
FUN_10030060,10030060,242,0,__cdecl
FUN_100149d0,100149d0,241,0,__cdecl
FUN_10006b20,10006b20,239,0,__cdecl
FUN_10006d00,10006d00,239,0,__cdecl
FUN_10010a50,10010a50,239,0,__cdecl
FUN_10010b40,10010b40,239,0,__cdecl
FUN_10010c30,10010c30,239,0,__cdecl
FUN_10022e90,10022e90,239,0,__stdcall
FUN_1001cc30,1001cc30,238,0,__cdecl
FUN_10019120,10019120,235,0,__cdecl
FUN_1001df80,1001df80,234,0,__cdecl
FUN_10039bbc,10039bbc,232,0,__cdecl
FUN_10003d00,10003d00,229,0,__cdecl
FUN_10016a00,10016a00,229,0,__cdecl
FUN_10026230,10026230,229,0,__cdecl
FUN_1001bf10,1001bf10,225,0,__cdecl
FUN_10040010,10040010,224,0,__cdecl
FUN_10019db0,10019db0,223,0,__cdecl
FUN_1000ec40,1000ec40,222,0,__cdecl
FUN_10038bb0,10038bb0,222,0,__cdecl
FUN_10038c90,10038c90,221,0,__cdecl
FUN_10039978,10039978,220,0,__cdecl
FUN_1003e3a5,1003e3a5,220,0,__cdecl
FUN_10024f10,10024f10,218,0,__cdecl
FUN_1002b440,1002b440,218,0,__cdecl
FUN_10011160,10011160,217,0,__cdecl
FUN_1003a1e0,1003a1e0,217,0,__stdcall
FUN_1000aa60,1000aa60,216,0,__cdecl
FUN_1001aca0,1001aca0,216,0,__cdecl
FUN_1001f380,1001f380,215,0,__cdecl
FUN_1002a920,1002a920,214,0,__cdecl
FUN_10030780,10030780,212,0,__stdcall
FUN_10029720,10029720,211,0,__cdecl
FUN_100175d0,100175d0,210,0,__stdcall
FUN_100376b0,100376b0,209,0,__cdecl
FUN_100116e0,100116e0,208,0,__cdecl
FUN_1003a110,1003a110,208,0,__thiscall
FUN_100418f6,100418f6,208,0,__cdecl
FUN_1003900b,1003900b,207,0,__cdecl
FUN_10039593,10039593,207,0,__cdecl
FUN_10003ba0,10003ba0,206,0,__cdecl
FUN_1001e820,1001e820,205,0,__cdecl
FUN_100189e0,100189e0,204,0,__cdecl
FUN_10009430,10009430,203,0,__cdecl
FUN_10010100,10010100,203,0,__cdecl
FUN_1003ef62,1003ef62,203,0,__thiscall
FUN_1000d870,1000d870,202,0,__stdcall
FUN_10011570,10011570,202,0,__cdecl
FUN_1001f930,1001f930,202,0,__cdecl
FUN_10040a42,10040a42,201,0,__cdecl
FUN_100306b0,100306b0,200,0,__cdecl
FUN_1003e93a,1003e93a,200,0,__stdcall
FUN_100183a0,100183a0,199,0,__cdecl
FUN_100246a0,100246a0,199,0,__cdecl
FUN_100421c5,100421c5,199,0,__cdecl
FUN_1002a850,1002a850,198,0,__cdecl
GetGameAPI,1000d490,196,0,__cdecl
FUN_10014320,10014320,195,0,__cdecl
FUN_10006790,10006790,194,0,__cdecl
FUN_10032b50,10032b50,194,0,__cdecl
FUN_1003a561,1003a561,194,0,__cdecl
FUN_1003db22,1003db22,194,0,__cdecl
FUN_1000c010,1000c010,193,0,__cdecl
FUN_10027c40,10027c40,193,0,__cdecl
FUN_10033170,10033170,193,0,__cdecl
_strchr,100390f0,193,0,__cdecl
FUN_1003b101,1003b101,193,0,__cdecl
FUN_100195e0,100195e0,191,0,__cdecl
FUN_1000a560,1000a560,190,0,__cdecl
FUN_1001db40,1001db40,190,0,__cdecl
FUN_100035f0,100035f0,187,0,__cdecl
FUN_100208c0,100208c0,187,0,__cdecl
FUN_10026da0,10026da0,187,0,__cdecl
FUN_10012b50,10012b50,186,0,__cdecl
FUN_10031c30,10031c30,185,0,__cdecl
FUN_1003f35b,1003f35b,185,0,__stdcall
FUN_10006c40,10006c40,184,0,__cdecl
FUN_10011d90,10011d90,183,0,__cdecl
FUN_1000a8b0,1000a8b0,182,0,__cdecl
FUN_1003ff4a,1003ff4a,182,0,__cdecl
FUN_1000db40,1000db40,181,0,__cdecl
FUN_10012170,10012170,179,0,__cdecl
FUN_100254e0,100254e0,178,0,__cdecl
FUN_100010b0,100010b0,177,0,__cdecl
FUN_1003cfb4,1003cfb4,177,0,__stdcall
FUN_100305a0,100305a0,176,0,__stdcall
FUN_10001170,10001170,175,0,__cdecl
FUN_10025be0,10025be0,175,0,__cdecl
FUN_100173e0,100173e0,174,0,__cdecl
FUN_1001b350,1001b350,174,0,__stdcall
FUN_1002bbc0,1002bbc0,173,0,__cdecl
FUN_10003880,10003880,172,0,__cdecl
FUN_10021300,10021300,172,0,__cdecl
FUN_10038a70,10038a70,172,0,__cdecl
FUN_1000c4b0,1000c4b0,171,0,__cdecl
FUN_10007050,10007050,170,0,__cdecl
FUN_1000da90,1000da90,170,0,__cdecl
FUN_10006e60,10006e60,169,0,__cdecl
FUN_10012a80,10012a80,169,0,__cdecl
FUN_1003a678,1003a678,167,0,__cdecl
FUN_10006a70,10006a70,165,0,__cdecl
FUN_10020380,10020380,164,0,__cdecl
FUN_1003972f,1003972f,164,0,__cdecl
FUN_1003dfc7,1003dfc7,164,0,__cdecl
FUN_10017520,10017520,163,0,__cdecl
FUN_10019e90,10019e90,163,0,__cdecl
FUN_1003f07a,1003f07a,163,0,__cdecl
FUN_100049b0,100049b0,162,0,__cdecl
FUN_10012e50,10012e50,162,0,__cdecl
FUN_100036b0,100036b0,161,0,__cdecl
FUN_10008170,10008170,161,0,__cdecl
FUN_10015090,10015090,161,0,__cdecl
FUN_100294e0,100294e0,161,0,__cdecl
FUN_10007280,10007280,160,0,__cdecl
FUN_1003a914,1003a914,160,0,__cdecl
FUN_1003a07d,1003a07d,158,0,__cdecl
FUN_10002d40,10002d40,157,0,__cdecl
FUN_1000ad70,1000ad70,157,0,__cdecl
FUN_10031570,10031570,157,0,__cdecl
entry,1003a2b9,157,0,__stdcall
FUN_10002ca0,10002ca0,156,0,__cdecl
FUN_10001690,10001690,155,0,__cdecl
FUN_1000a4c0,1000a4c0,154,0,__cdecl
FUN_100031e0,100031e0,153,0,__cdecl
FUN_1003f414,1003f414,153,0,__stdcall
FUN_1003aa08,1003aa08,152,0,__cdecl
FUN_10001560,10001560,151,0,__cdecl
FUN_10018ea0,10018ea0,151,0,__cdecl
FUN_1001dc60,1001dc60,151,0,__cdecl
FUN_10043308,10043308,151,0,__cdecl
FUN_10011640,10011640,150,0,__cdecl
FUN_1001ac00,1001ac00,150,0,__cdecl
FUN_1000e460,1000e460,147,0,__cdecl
FUN_1003a71f,1003a71f,147,0,__cdecl
FUN_100410c3,100410c3,147,0,__cdecl
FUN_10004bc0,10004bc0,146,0,__cdecl
FUN_1003f970,1003f970,146,0,__cdecl
FUN_10010710,10010710,145,0,__cdecl
FUN_100154c0,100154c0,145,0,__cdecl
FUN_10017d40,10017d40,145,0,__cdecl
FUN_1001b0c0,1001b0c0,145,0,__cdecl
FUN_10029030,10029030,145,0,__cdecl
FUN_1000c560,1000c560,144,0,__cdecl
FUN_1001a4b0,1001a4b0,144,0,__cdecl
FUN_10017490,10017490,143,0,__stdcall
FUN_10030cd0,10030cd0,143,0,__cdecl
FUN_10004b30,10004b30,142,0,__cdecl
FUN_10012460,10012460,142,0,__cdecl
FUN_10015f40,10015f40,141,0,__cdecl
FUN_10016240,10016240,141,0,__cdecl
FUN_1003ea81,1003ea81,141,0,__cdecl
FUN_1003fbf8,1003fbf8,141,0,__cdecl
FUN_1004048e,1004048e,141,0,__cdecl
FUN_1000fd60,1000fd60,140,0,__cdecl
FUN_10022a50,10022a50,140,0,__cdecl
FUN_1003fb2a,1003fb2a,140,0,__cdecl
FUN_100162d0,100162d0,139,0,__cdecl
FUN_100391ac,100391ac,139,0,__thiscall
FUN_10003c70,10003c70,138,0,__cdecl
FUN_1001b510,1001b510,138,0,__cdecl
FUN_10033240,10033240,138,0,__cdecl
FUN_10035830,10035830,138,0,__cdecl
FUN_10001880,10001880,137,0,__cdecl
FUN_1001b480,1001b480,137,0,__stdcall
FUN_1003fa02,1003fa02,137,0,__cdecl
FUN_10042062,10042062,137,0,__cdecl
FUN_10004450,10004450,136,0,__cdecl
FUN_1000fe20,1000fe20,136,0,__cdecl
FUN_10014940,10014940,136,0,__cdecl
FUN_1003af6a,1003af6a,136,0,__cdecl
FUN_10002e20,10002e20,134,0,__cdecl
FUN_10014530,10014530,134,0,__cdecl
FUN_10001000,10001000,133,0,__stdcall
FUN_10001600,10001600,132,0,__cdecl
FUN_1003e71c,1003e71c,131,0,__cdecl
FUN_10002210,10002210,130,0,__cdecl
FUN_1000fee0,1000fee0,130,0,__cdecl
FUN_1000ffa0,1000ffa0,130,0,__cdecl
FUN_10012230,10012230,129,0,__cdecl
FUN_10018fb0,10018fb0,129,0,__cdecl
_strcmp,10040c60,129,0,__cdecl
FUN_10032c20,10032c20,128,0,__cdecl
_strstr,10039f00,128,0,__cdecl
FUN_10009010,10009010,127,0,__cdecl
FUN_10009340,10009340,127,0,__cdecl
FUN_10033340,10033340,127,0,__cdecl
FUN_1003ea02,1003ea02,127,0,__thiscall
FUN_10040f81,10040f81,127,0,__cdecl
FUN_100014e0,100014e0,126,0,__cdecl
FUN_10017f80,10017f80,125,0,__cdecl
FUN_10040ce4,10040ce4,125,0,__cdecl
FUN_10010d60,10010d60,124,0,__cdecl
FUN_10040f05,10040f05,124,0,__cdecl
FUN_10042afe,10042afe,124,0,__cdecl
FUN_10030860,10030860,123,0,__stdcall
_strlen,1003c6e0,123,0,__cdecl
FUN_10028940,10028940,122,0,__cdecl
FUN_10003e70,10003e70,121,0,__cdecl
FUN_100176b0,100176b0,121,0,__stdcall
FUN_1001b160,1001b160,121,0,__cdecl
FUN_100044e0,100044e0,120,0,__cdecl
FUN_1001ad80,1001ad80,120,0,__cdecl
FUN_100289c0,100289c0,120,0,__cdecl
FUN_10030ac0,10030ac0,120,0,__cdecl
FUN_100199c0,100199c0,119,0,__cdecl
FUN_10024620,10024620,119,0,__cdecl
FUN_1003fe77,1003fe77,119,0,__cdecl
FUN_1003b258,1003b258,117,0,__thiscall
FUN_1003c797,1003c797,117,0,__stdcall
__aullrem,10040970,117,0,__stdcall
FUN_10003df0,10003df0,116,0,__cdecl
FUN_100097b0,100097b0,116,0,__cdecl
FUN_1000ab80,1000ab80,116,0,__cdecl
FUN_1002adc0,1002adc0,116,0,__cdecl
FUN_10004350,10004350,115,0,__cdecl
FUN_100043d0,100043d0,115,0,__cdecl
FUN_10008f90,10008f90,115,0,__cdecl
FUN_1004051b,1004051b,115,0,__cdecl
FUN_10040751,10040751,115,0,__cdecl
FUN_1001b400,1001b400,114,0,__cdecl
FUN_10028680,10028680,113,0,__cdecl
FUN_10028700,10028700,113,0,__cdecl
FUN_10011b90,10011b90,112,0,__cdecl
FUN_10013df0,10013df0,112,0,__cdecl
FUN_100144c0,100144c0,112,0,__cdecl
FUN_10018230,10018230,112,0,__cdecl
FUN_100296b0,100296b0,112,0,__cdecl
FUN_1000d160,1000d160,111,0,__cdecl
FUN_100104f0,100104f0,111,0,__cdecl
FUN_10012570,10012570,111,0,__cdecl
FUN_10014180,10014180,111,0,__cdecl
FUN_1003eef3,1003eef3,111,0,__cdecl
FUN_10030900,10030900,110,0,__cdecl
FUN_10040b5f,10040b5f,110,0,__cdecl
FUN_1004274b,1004274b,110,0,__stdcall
FUN_10004a60,10004a60,109,0,__cdecl
FUN_10010960,10010960,109,0,__cdecl
FUN_10012d80,10012d80,109,0,__cdecl
FUN_10019b30,10019b30,109,0,__cdecl
FUN_1001fd40,1001fd40,109,0,__cdecl
FUN_10019850,10019850,108,0,__cdecl
FUN_1003c835,1003c835,108,0,__stdcall
FUN_1000ebd0,1000ebd0,107,0,__cdecl
FUN_1002e950,1002e950,107,0,__cdecl
FUN_10032ae0,10032ae0,106,0,__cdecl
FUN_10010260,10010260,105,0,__cdecl
FUN_10035db0,10035db0,105,0,__cdecl
FUN_1004088a,1004088a,105,0,__cdecl
FUN_1000b1a0,1000b1a0,104,0,__cdecl
__aulldiv,10040900,104,0,__stdcall
__local_unwind2,1004257e,104,0,__cdecl
FUN_10006a00,10006a00,103,0,__cdecl
FUN_1003a8ad,1003a8ad,103,0,__stdcall
FUN_10043108,10043108,103,0,__cdecl
FUN_10006df0,10006df0,102,0,__cdecl
FUN_10027ec0,10027ec0,102,0,__cdecl
FUN_10002eb0,10002eb0,101,0,__cdecl
FUN_1003dd44,1003dd44,101,0,__cdecl
FUN_1003e481,1003e481,101,0,__cdecl
FUN_100406ec,100406ec,101,0,__cdecl
FUN_100114a0,100114a0,100,0,__cdecl
FUN_10014270,10014270,100,0,__cdecl
FUN_10033c90,10033c90,100,0,__cdecl
FUN_10004c60,10004c60,99,0,__cdecl
FUN_10008bd0,10008bd0,99,0,__cdecl
FUN_10008c40,10008c40,99,0,__cdecl
FUN_1000d5a0,1000d5a0,99,0,__stdcall
FUN_1000eb60,1000eb60,99,0,__cdecl
FUN_10007100,10007100,98,0,__cdecl
FUN_1000dc00,1000dc00,97,0,__cdecl
FUN_10038b40,10038b40,97,0,__stdcall
FUN_1003a500,1003a500,97,0,__cdecl
FUN_1003c8a1,1003c8a1,97,0,__cdecl
FUN_1004316f,1004316f,97,0,__cdecl
FUN_10004ad0,10004ad0,96,0,__cdecl
FUN_10004cd0,10004cd0,96,0,__cdecl
FUN_10027290,10027290,96,0,__cdecl
FUN_10010030,10010030,95,0,__cdecl
FUN_10017c70,10017c70,95,0,__cdecl
FUN_10041042,10041042,95,0,__cdecl
FUN_10016850,10016850,94,0,__cdecl
___add_12,1004210c,94,0,__cdecl
FUN_100071c0,100071c0,93,0,__cdecl
FUN_10007220,10007220,93,0,__cdecl
FUN_1000a620,1000a620,93,0,__cdecl
FUN_10010200,10010200,93,0,__cdecl
FUN_10012cc0,10012cc0,93,0,__cdecl
FUN_10021af0,10021af0,93,0,__cdecl
FUN_1003e6bf,1003e6bf,93,0,__cdecl
FUN_100409e5,100409e5,93,0,__cdecl
FUN_1002ae40,1002ae40,92,0,__cdecl
FUN_1003df62,1003df62,92,0,__cdecl
FUN_1003feee,1003feee,92,0,__cdecl
FUN_10018f40,10018f40,90,0,__cdecl
FUN_1003a402,1003a402,90,0,__cdecl
FUN_1003b0a7,1003b0a7,90,0,__cdecl
FUN_10024ff0,10024ff0,89,0,__cdecl
FUN_1002b520,1002b520,89,0,__cdecl
FUN_10040831,10040831,89,0,__cdecl
FUN_10004d30,10004d30,88,0,__cdecl
FUN_10018340,10018340,88,0,__cdecl
FUN_1002ad60,1002ad60,88,0,__cdecl
_memset,100400f0,88,0,__cdecl
FUN_100430b0,100430b0,88,0,__cdecl
FUN_1002d660,1002d660,87,0,__cdecl
FUN_10030650,10030650,87,0,__cdecl
FUN_10039d65,10039d65,87,0,__thiscall
FUN_10027220,10027220,86,0,__cdecl
FUN_1002e030,1002e030,86,0,__cdecl
FUN_1003b202,1003b202,86,0,__stdcall
FUN_1003fad4,1003fad4,86,0,__cdecl
FUN_1003a623,1003a623,85,0,__cdecl
FUN_1002cb80,1002cb80,84,0,__cdecl
FUN_1003a828,1003a828,84,0,__stdcall
FUN_1003a9b4,1003a9b4,84,0,__cdecl
FUN_1003f307,1003f307,84,0,__stdcall
FUN_100182e0,100182e0,83,0,__cdecl
FUN_1001ef10,1001ef10,83,0,__cdecl
FUN_1000b210,1000b210,82,0,__cdecl
FUN_1000c5f0,1000c5f0,82,0,__cdecl
FUN_10012df0,10012df0,82,0,__cdecl
FUN_1001beb0,1001beb0,82,0,__cdecl
FUN_10039541,10039541,82,0,__cdecl
FUN_10009090,10009090,81,0,__cdecl
FUN_1000a9a0,1000a9a0,81,0,__cdecl
FUN_10012d20,10012d20,81,0,__cdecl
FUN_10018180,10018180,81,0,__cdecl
FUN_1001aba0,1001aba0,81,0,__cdecl
FUN_10039696,10039696,81,0,__cdecl
__cfltcvt,1003a7b2,81,0,__cdecl
FUN_10034a40,10034a40,80,0,__cdecl
FUN_100145c0,100145c0,78,0,__cdecl
FUN_100181e0,100181e0,78,0,__cdecl
FUN_1001b070,1001b070,78,0,__stdcall
FUN_1002c2d0,1002c2d0,78,0,__cdecl
FUN_10038900,10038900,78,0,__cdecl
FUN_100394c7,100394c7,78,0,__cdecl
FUN_10040c0b,10040c0b,78,0,__cdecl
FUN_10033120,10033120,77,0,__stdcall
__fclose_lk,10039cd5,76,0,__cdecl
FUN_10019f40,10019f40,75,0,__cdecl
FUN_10028e90,10028e90,75,0,__cdecl
FUN_10002f20,10002f20,74,0,__cdecl
FUN_1000c460,1000c460,74,0,__cdecl
FUN_10010090,10010090,74,0,__cdecl
FUN_10012c40,10012c40,74,0,__cdecl
FUN_10013b00,10013b00,74,0,__cdecl
FUN_10041e1b,10041e1b,74,0,__cdecl
FUN_1003fa8b,1003fa8b,73,0,__cdecl
FUN_1000b3c0,1000b3c0,72,0,__cdecl
FUN_100396e7,100396e7,72,0,__cdecl
FUN_1000c290,1000c290,71,0,__cdecl
FUN_10011c00,10011c00,71,0,__cdecl
FUN_10007170,10007170,70,0,__cdecl
FUN_1001fa00,1001fa00,70,0,__cdecl
FUN_100332d0,100332d0,70,0,__cdecl
FUN_1000b150,1000b150,69,0,__cdecl
FUN_100163b0,100163b0,69,0,__cdecl
FUN_1000b100,1000b100,68,0,__cdecl
FUN_100407c4,100407c4,68,0,__cdecl
FUN_10015fd0,10015fd0,67,0,__cdecl
FUN_10016360,10016360,67,0,__cdecl
FUN_1001eeb0,1001eeb0,67,0,__cdecl
FUN_10010fb0,10010fb0,66,0,__cdecl
FUN_10017b70,10017b70,66,0,__cdecl
FUN_10018090,10018090,66,0,__cdecl
FUN_10041000,10041000,66,0,__cdecl
FUN_10008b80,10008b80,65,0,__cdecl
FUN_100123c0,100123c0,65,0,__cdecl
FUN_10002de0,10002de0,64,0,__cdecl
FUN_10015dc0,10015dc0,64,0,__cdecl
FUN_100182a0,100182a0,64,0,__cdecl
FUN_10038880,10038880,63,0,__cdecl
__mbsnbicoll,1004270c,63,0,__cdecl
FUN_10001f00,10001f00,62,0,__stdcall
FUN_100142e0,100142e0,62,0,__cdecl
FUN_1003a39b,1003a39b,62,0,__stdcall
__fassign,1003a4c2,62,0,__cdecl
FUN_1003c917,1003c917,62,0,__stdcall
FUN_100419d0,100419d0,62,0,__cdecl
FUN_10018790,10018790,61,0,__cdecl
FUN_1001a670,1001a670,61,0,__cdecl
FUN_1001b310,1001b310,60,0,__cdecl
FUN_10039ebe,10039ebe,60,0,__cdecl
FUN_1003c75b,1003c75b,60,0,__cdecl
__startOneArgErrorHandling,1003eeb7,60,0,__fastcall
FUN_100389b0,100389b0,59,0,__cdecl
FUN_10002190,10002190,58,0,__cdecl
FUN_100021d0,100021d0,58,0,__cdecl
FUN_1000f210,1000f210,58,0,__cdecl
FUN_10010d20,10010d20,58,0,__cdecl
FUN_10041a10,10041a10,58,0,__cdecl
FUN_1000ac00,1000ac00,57,0,__cdecl
FUN_1000d610,1000d610,57,0,__stdcall
FUN_1000eda0,1000eda0,57,0,__cdecl
FUN_1002f8b0,1002f8b0,57,0,__cdecl
FUN_1003f799,1003f799,57,0,__stdcall
FUN_10005df0,10005df0,56,0,__cdecl
FUN_100198c0,100198c0,56,0,__cdecl
FUN_10038f88,10038f88,56,0,__stdcall
_strncmp,100397e0,56,0,__cdecl
FUN_1003bbc3,1003bbc3,56,0,__cdecl
FUN_1003c64b,1003c64b,55,0,__thiscall
FUN_1001f340,1001f340,54,0,__cdecl
FUN_10030560,10030560,54,0,__cdecl
FUN_100388c0,100388c0,54,0,__cdecl
FUN_1000e3e0,1000e3e0,53,0,__cdecl
FUN_1000e420,1000e420,53,0,__cdecl
FUN_1003bb5d,1003bb5d,53,0,__cdecl
FUN_1003f925,1003f925,53,0,__thiscall
FUN_1000d560,1000d560,52,0,__cdecl
FUN_10039662,10039662,52,0,__cdecl
__allmul,1003b2d0,52,0,__stdcall
FUN_100109d0,100109d0,51,0,__cdecl
FUN_10010a10,10010a10,51,0,__cdecl
FUN_1001b880,1001b880,51,0,__cdecl
FUN_10041e65,10041e65,51,0,__cdecl
FUN_10012530,10012530,50,0,__cdecl
FUN_1002f870,1002f870,50,0,__cdecl
FUN_10028220,10028220,49,0,__cdecl
FUN_10038950,10038950,49,0,__cdecl
FUN_10039ca4,10039ca4,49,0,__cdecl
FUN_10039d21,10039d21,49,0,__cdecl
FUN_1003bb92,1003bb92,49,0,__cdecl
FUN_10038d70,10038d70,48,0,__cdecl
__amsg_exit,1003a356,48,0,__cdecl
FUN_1001b040,1001b040,47,0,__cdecl
FUN_10039a54,10039a54,47,0,__cdecl
FUN_10039b8d,10039b8d,47,0,__cdecl
FUN_10039f80,10039f80,47,0,__stdcall
FUN_1003dca0,1003dca0,47,0,__cdecl
FUN_1003dcf2,1003dcf2,47,0,__cdecl
FUN_1003d456,1003d456,46,0,__stdcall
FUN_1003df34,1003df34,46,0,__cdecl
FUN_1004216a,1004216a,46,0,__cdecl
FUN_100187d0,100187d0,45,0,__cdecl
FUN_1003b03f,1003b03f,45,0,__cdecl
FUN_1003f02d,1003f02d,45,0,__stdcall
FUN_1003fe1d,1003fe1d,45,0,__thiscall
FUN_1003fe4a,1003fe4a,45,0,__thiscall
FUN_10042198,10042198,45,0,__cdecl
FUN_1000b0b0,1000b0b0,44,0,__cdecl
FUN_10019d60,10019d60,44,0,__cdecl
FUN_10039515,10039515,44,0,__cdecl
__nh_malloc,10040bdf,44,0,__cdecl
FUN_1003c955,1003c955,43,0,__cdecl
__freebuf,1003e79f,43,0,__cdecl
FUN_10042efe,10042efe,43,0,__cdecl
FUN_1004339f,1004339f,43,0,__cdecl
FUN_1003eb0e,1003eb0e,42,0,__cdecl
__math_exit,1003edbb,42,0,__fastcall
FUN_1003a3d9,1003a3d9,41,0,__stdcall
FUN_1003b07e,1003b07e,41,0,__cdecl
FUN_1003c80c,1003c80c,41,0,__stdcall
FUN_10040808,10040808,41,0,__cdecl
FUN_10041e98,10041e98,41,0,__stdcall
FUN_100132f0,100132f0,40,0,__cdecl
FUN_1003aff2,1003aff2,40,0,__cdecl
FUN_10040b0b,10040b0b,40,0,__thiscall
__ftol,10038fe4,39,0,__stdcall
FUN_10003ef0,10003ef0,38,0,__cdecl
FUN_10012c10,10012c10,37,0,__cdecl
FUN_10012c90,10012c90,37,0,__cdecl
FUN_10029e70,10029e70,37,0,__cdecl
FUN_10038a20,10038a20,37,0,__cdecl
FUN_1003a803,1003a803,37,0,__cdecl
FUN_1003b01a,1003b01a,37,0,__cdecl
FUN_1002f4c0,1002f4c0,36,0,__cdecl
FUN_10030a90,10030a90,36,0,__stdcall
FUN_1003c6b3,1003c6b3,36,0,__cdecl
FUN_10038850,10038850,35,0,__stdcall
FUN_1003b1df,1003b1df,35,0,__stdcall
FUN_1003dccf,1003dccf,35,0,__cdecl
FUN_1003dd21,1003dd21,35,0,__cdecl
FUN_10004d90,10004d90,34,0,__cdecl
FUN_100389f0,100389f0,34,0,__cdecl
_rand,10038fc0,34,0,__cdecl
FUN_100410a1,100410a1,34,0,__cdecl
FUN_100069d0,100069d0,33,0,__cdecl
FUN_10006c10,10006c10,33,0,__cdecl
FUN_1003d70b,1003d70b,33,0,__cdecl
FUN_100420eb,100420eb,33,0,__cdecl
FUN_10032ac0,10032ac0,32,0,__cdecl
__global_unwind2,1004253c,32,0,__cdecl
FUN_100035d0,100035d0,31,0,__cdecl
FUN_10019d20,10019d20,31,0,__cdecl
FUN_10019d40,10019d40,31,0,__cdecl
__allshl,10040b40,31,0,__fastcall
FUN_1000b0e0,1000b0e0,30,0,__cdecl
FUN_1003a87c,1003a87c,30,0,__stdcall
FUN_1001ae00,1001ae00,29,0,__cdecl
FUN_10038990,10038990,29,0,__cdecl
FUN_10038a50,10038a50,29,0,__cdecl
FUN_100308e0,100308e0,28,0,__stdcall
FUN_10042046,10042046,28,0,__stdcall
FUN_1003fbb6,1003fbb6,27,0,__cdecl
FUN_1003fbdd,1003fbdd,27,0,__cdecl
FUN_1004251f,1004251f,27,0,__cdecl
FUN_100426f1,100426f1,27,0,__stdcall
FUN_10024ef0,10024ef0,26,0,__cdecl
FUN_1003c682,1003c682,26,0,__cdecl
FUN_1003f131,1003f131,26,0,__cdecl
FUN_1000ed80,1000ed80,25,0,__cdecl
FUN_1003ed3c,1003ed3c,25,0,__stdcall
FUN_10042612,10042612,24,0,__stdcall
FUN_10038f70,10038f70,23,0,__stdcall
FUN_1003c69c,1003c69c,23,0,__cdecl
FUN_1003eea0,1003eea0,23,0,__fastcall
FUN_10012b30,10012b30,22,0,__cdecl
FUN_1003ed98,1003ed98,22,0,__cdecl
FUN_1003f95a,1003f95a,22,0,__thiscall
FUN_1003fdf1,1003fdf1,22,0,__cdecl
FUN_1003fe07,1003fe07,22,0,__cdecl
FUN_10011c70,10011c70,21,0,__cdecl
FUN_1003c902,1003c902,21,0,__cdecl
FUN_1002aa00,1002aa00,20,0,__cdecl
FUN_1003a060,1003a060,20,0,__stdcall
FUN_100173c0,100173c0,19,0,__stdcall
FUN_10038b20,10038b20,19,0,__cdecl
FUN_10039d52,10039d52,19,0,__cdecl
FUN_1003a89a,1003a89a,19,0,__cdecl
FUN_1003a389,1003a389,18,0,__fastcall
__frnd,1003b06c,18,0,__cdecl
_malloc,10040bcd,18,0,__cdecl
FUN_10033320,10033320,17,0,__stdcall
__exit,1003f05a,17,0,__cdecl
FUN_1003bc08,1003bc08,16,0,__cdecl
FUN_1001ef00,1001ef00,15,0,__cdecl
FUN_10020370,10020370,15,0,__cdecl
FUN_1003b1d0,1003b1d0,15,0,__stdcall
FUN_1003f06b,1003f06b,15,0,__stdcall
FUN_1003b1c2,1003b1c2,14,0,__stdcall
FUN_1003bc18,1003bc18,14,0,__cdecl
FUN_1003bbfb,1003bbfb,13,0,__cdecl
FUN_10013af0,10013af0,12,0,__cdecl
FUN_1003fbd1,1003fbd1,12,0,__cdecl
FUN_1000d340,1000d340,11,0,__stdcall
FUN_10039237,10039237,11,0,__thiscall
FUN_1003f11f,1003f11f,9,0,__stdcall
FUN_1003f128,1003f128,9,0,__stdcall
__fptrap,10040485,9,0,__cdecl
FUN_1004058e,1004058e,9,0,__stdcall
FUN_10040597,10040597,9,0,__stdcall
FUN_10040000,10040000,7,0,__cdecl
FUN_1003f793,1003f793,6,0,__stdcall
RtlUnwind,100433d0,6,1,__stdcall
FUN_100060c0,100060c0,3,0,__stdcall
FUN_100405a0,100405a0,3,0,__stdcall
